,ra,dec,xki,eta,radius,signal,noise,vr,e_vr,P(member)
42,8.9029169,51.5207481,-3.528,-2.338,5.858,284.2,46.9,-376.62,4.65,1.0
157,8.9633751,51.5544167,-1.273,-0.318,1.423,226.4,47.1,-361.76,4.91,1.0
141,9.1029587,51.5649986,3.934,0.317,3.984,396.7,41.5,-365.27,2.83,1.0
207,8.9391251,51.5506935,-2.178,-0.542,2.432,433.7,49.5,-381.16,3.86,1.0
137,9.1411667,51.5613899,5.359,0.1,5.363,306.9,43.5,-378.91,4.14,1.0
61,8.7793751,51.5360832,-8.136,-1.418,8.617,380.5,53.1,-381.9,4.23,1.0
110,8.7134581,51.5731926,-10.595,0.808,10.718,225.0,52.5,-363.48,5.13,1.0
68,8.8577919,51.5611115,-5.211,0.083,5.214,380.6,53.7,-363.73,4.1,1.0
115,9.0196667,51.5978889,0.827,2.29,4.654,233.8,45.6,-371.97,4.64,1.0
35,8.9446249,51.5514183,-1.972,-0.498,2.21,227.6,50.5,-383.61,4.87,1.0
127,8.7711668,51.6053352,-8.443,2.737,10.062,357.3,45.5,-225.92,4.65,0.0
125,8.8535833,51.6065559,-5.368,2.81,7.772,212.8,44.9,-378.57,5.35,1.0
193,9.0891666,51.5535278,3.419,-0.372,3.499,480.9,49.6,-350.11,3.88,0.99
18,9.017333,51.5363045,0.74,-1.405,2.906,286.8,48.0,-366.96,3.09,1.0
77,9.0715837,51.5487785,2.763,-0.657,3.06,495.4,57.9,-358.52,4.01,1.0
188,9.142375,51.5325012,5.404,-1.633,6.315,333.5,49.5,-361.51,4.2,1.0
85,9.0049162,51.5453339,0.277,-0.863,1.749,401.3,51.1,-373.03,4.18,1.0
44,8.8949585,51.5550537,-3.825,-0.28,3.866,383.6,51.2,-380.39,3.02,1.0
90,8.9717503,51.569416,-0.961,0.582,1.509,275.7,47.8,-365.53,3.05,1.0
4,9.0870419,51.5540848,3.34,-0.338,3.408,209.3,46.6,-383.44,5.11,1.0
120,8.9049168,51.6049461,-3.454,2.713,6.432,340.8,48.4,-388.72,3.27,1.0
139,9.124958,51.5710564,4.754,0.68,4.945,144.9,41.8,-381.97,6.18,1.0
107,8.8294163,51.5924988,-6.27,1.967,7.401,313.5,48.7,-374.29,4.3,1.0
164,8.9259996,51.5712204,-2.667,0.69,3.003,260.0,42.1,-376.26,4.7,1.0
46,8.8896666,51.5161934,-4.022,-2.612,6.593,277.6,53.8,-370.27,4.67,1.0
52,8.8686666,51.523613,-4.806,-2.167,6.471,320.7,51.8,-373.54,4.43,1.0
37,8.9289579,51.5356407,-2.557,-1.445,3.859,242.2,53.6,-387.36,5.05,1.0
195,9.0528746,51.5472488,2.066,-0.748,2.551,606.3,53.7,-372.2,3.79,1.0
198,9.0274162,51.5542221,1.116,-0.33,1.297,250.1,44.1,-370.43,4.63,1.0
161,8.9377079,51.5622482,-2.23,0.152,2.251,281.0,40.4,-379.29,4.4,1.0
131,9.0629168,51.5512238,2.44,-0.51,2.645,336.0,56.3,-370.41,2.56,1.0
49,8.880208,51.5196381,-4.375,-2.405,6.502,280.6,47.4,-389.76,4.64,1.0
105,8.8319998,51.5950279,-6.173,2.118,7.487,248.1,45.7,-365.8,4.6,1.0
202,8.998167,51.5219154,0.025,-2.268,4.537,175.7,41.9,-353.97,5.49,1.0
87,8.9918337,51.5581093,-0.211,-0.097,0.287,457.4,49.2,-369.39,2.31,1.0
75,9.0944586,51.5664177,3.617,0.402,3.705,195.0,47.8,-374.49,5.3,1.0
34,8.9486666,51.5440559,-1.822,-0.94,2.618,279.0,52.5,-358.68,3.42,1.0
33,8.9518747,51.5501938,-1.702,-0.572,2.05,419.0,63.6,-369.72,2.48,1.0
206,8.9491253,51.5719185,-1.804,0.732,2.323,317.1,48.1,-381.67,4.26,1.0
203,8.9894581,51.5408592,-0.3,-1.132,2.283,270.7,44.8,-366.96,4.67,1.0
116,9.0002918,51.5951958,0.104,2.128,4.258,326.9,46.5,-369.1,4.13,1.0
129,8.7540836,51.5986099,-9.08,2.333,10.209,270.8,45.4,-366.29,4.39,1.0
143,9.0963755,51.5871964,3.688,1.648,4.947,122.6,34.9,-360.99,6.03,1.0
100,8.902667,51.5699463,-3.537,0.613,3.744,259.4,43.9,-370.46,4.75,1.0
30,8.9589586,51.565918,-1.438,0.372,1.619,305.7,48.2,-369.12,4.49,1.0
64,8.7528334,51.5552788,-9.127,-0.267,9.142,446.8,55.1,-370.08,4.11,1.0
11,9.0560417,51.544445,2.184,-0.917,2.851,195.0,45.6,-389.43,5.76,1.0
111,9.1047497,51.6078606,4.001,2.888,7.027,296.6,53.0,-178.01,5.28,0.0
40,8.9195414,51.5175552,-2.908,-2.53,5.836,670.2,63.1,-378.21,3.83,1.0
160,8.9460831,51.5887794,-1.918,1.743,3.979,336.1,51.4,-378.45,4.63,1.0
171,9.1621246,51.6114731,6.141,3.105,8.733,163.3,45.4,-375.25,6.02,1.0
32,8.9543333,51.5564461,-1.61,-0.197,1.658,337.8,53.5,-362.43,2.14,1.0
16,9.0288334,51.564724,1.169,0.3,1.314,273.2,44.1,-377.96,4.28,1.0
117,8.9360418,51.6085014,-2.293,2.927,6.286,390.2,64.5,-358.43,4.35,1.0
183,9.175292,51.5386391,6.632,-1.265,7.098,222.1,45.6,-350.2,4.86,0.99
66,8.7299995,51.5233879,-9.978,-2.18,10.889,154.6,51.8,-366.46,5.86,1.0
134,9.1734581,51.5731125,6.564,0.803,6.757,171.4,40.9,-360.08,5.23,1.0
199,9.0225,51.5412216,0.933,-1.11,2.408,673.9,55.0,-358.55,3.81,1.0
121,8.8975,51.5989151,-3.73,2.352,6.003,269.9,46.7,-372.14,3.53,1.0
69,8.9684582,51.5625572,-1.083,0.17,1.135,255.2,50.4,-367.74,4.81,1.0
9,9.0646248,51.5123596,2.504,-2.842,6.211,242.2,47.7,-377.81,4.88,1.0
211,8.8956671,51.5248871,-3.799,-2.09,5.648,217.1,52.3,-349.61,5.3,0.99
200,9.0200415,51.5535011,0.841,-0.373,1.124,265.4,60.7,-374.74,5.42,1.0
70,9.1259584,51.5796928,4.792,1.198,5.358,345.0,62.6,-366.98,4.38,1.0
178,9.2333336,51.5486679,8.797,-0.663,8.896,355.8,46.1,-373.21,4.23,1.0
39,8.9222088,51.5084457,-2.809,-3.077,6.764,255.9,53.3,-385.41,5.12,1.0
63,8.7699585,51.5541954,-8.488,-0.332,8.514,366.6,56.0,-362.54,4.46,1.0
14,9.0345831,51.5339165,1.383,-1.548,3.392,225.8,43.9,-379.72,4.68,1.0
170,9.2348747,51.6128349,8.855,3.187,10.91,197.0,38.6,-369.31,4.9,1.0
124,8.8675003,51.6078873,-4.849,2.89,7.545,236.5,49.5,-371.16,5.31,1.0
74,9.1013746,51.5738335,3.875,0.847,4.229,207.1,51.2,-386.0,6.06,1.0
89,8.9780836,51.5884171,-0.724,1.722,3.519,516.0,47.1,-364.19,2.78,1.0
53,8.8630829,51.5178871,-5.014,-2.51,7.095,447.1,55.8,-386.94,3.93,1.0
7,9.0710421,51.5655823,2.743,0.352,2.832,226.2,44.3,-382.76,5.04,1.0
214,9.0032501,51.5463066,0.214,-0.805,1.624,234.6,49.0,-376.93,4.97,1.0
43,8.8997917,51.5516663,-3.645,-0.483,3.771,153.9,43.5,-345.04,6.26,0.95
197,9.0334167,51.5550537,1.34,-0.28,1.452,387.0,46.7,-363.51,4.07,1.0
13,9.0412083,51.5094185,1.63,-3.018,6.253,444.4,54.0,-367.15,4.03,1.0
176,8.9863329,51.5604439,-0.417,0.043,0.425,183.5,40.5,-379.11,5.15,1.0
79,9.0654163,51.5656662,2.533,0.357,2.632,309.3,50.4,-379.74,2.61,1.0
109,8.7799168,51.5761948,-8.116,0.988,8.354,220.0,42.4,-381.27,4.65,1.0
12,9.0495415,51.5373878,1.941,-1.34,3.309,321.2,48.7,-374.84,2.47,1.0
3,9.1015835,51.5349731,3.882,-1.485,4.888,290.2,43.1,-382.39,4.68,1.0
126,8.7910004,51.610054,-7.703,3.02,9.788,204.7,48.6,-376.68,5.46,1.0
45,8.8922501,51.5508347,-3.926,-0.533,4.068,440.6,51.8,-379.82,2.87,1.0
153,9.0187912,51.5634995,0.794,0.227,0.914,205.5,39.6,-367.92,5.26,1.0
96,8.9447918,51.5863876,-1.966,1.6,3.756,215.9,48.8,-354.11,5.1,1.0
213,8.8837919,51.5593872,-4.242,-0.02,4.242,304.3,48.9,-379.24,4.27,1.0
72,9.1122913,51.5849724,4.282,1.515,5.246,222.8,54.0,-369.11,5.46,1.0
163,8.9297504,51.5429459,-2.527,-1.007,3.231,374.1,52.8,-369.31,2.96,1.0
169,8.8739996,51.592556,-4.607,1.97,6.062,292.0,81.4,-362.28,6.06,1.0
23,9.0044584,51.5661392,0.26,0.385,0.813,303.0,44.5,-369.9,3.31,1.0
186,9.1546249,51.5423317,5.861,-1.043,6.222,409.2,51.2,-370.96,3.94,1.0
58,8.8172503,51.5583611,-6.724,-0.082,6.726,372.1,55.5,-359.92,2.97,1.0
162,8.9324579,51.5700264,-2.426,0.618,2.723,299.3,54.1,-362.48,4.52,1.0
59,8.8069162,51.5190849,-7.109,-2.438,8.621,357.4,48.3,-380.28,4.19,1.0
194,9.0723753,51.5407791,2.793,-1.137,3.601,421.8,50.6,-371.16,4.02,1.0
130,8.7336254,51.6004982,-9.843,2.447,10.992,381.6,49.4,-373.43,4.13,1.0
102,8.8624582,51.5922508,-5.037,1.952,6.373,268.0,43.0,-375.09,4.75,1.0
123,8.8822079,51.6126671,-4.301,3.177,7.672,347.3,51.2,-360.84,4.26,1.0
205,8.9740419,51.5634727,-0.875,0.225,0.984,526.3,52.7,-364.85,3.87,1.0
172,9.128583,51.599472,4.89,2.385,6.831,340.6,38.5,-203.28,4.38,0.0
148,9.0467081,51.5875816,1.836,1.672,3.814,441.8,45.8,-377.55,4.01,1.0
122,8.8935003,51.6136665,-3.879,3.237,7.547,252.3,51.1,-367.6,4.96,1.0
151,9.0272083,51.5671959,1.108,0.448,1.426,170.1,41.7,-372.7,6.1,1.0
5,9.0761671,51.5224152,2.934,-2.238,5.353,260.9,43.2,-362.85,4.59,1.0
48,8.8835421,51.5131683,-4.251,-2.793,7.02,349.9,51.9,-384.24,4.2,1.0
